City_ID,City,Country,Max Temp,Current Description,Lat,Lng,Hotel Name
0,Buchanan,LR,80.35,light rain,5.8808,-10.0467,Kamaneahn Hotel Inc
2,Sao Filipe,CV,74.35,overcast clouds,14.8961,-24.4956,Hotel Xaguate
3,Vaini,TO,71.76,broken clouds,-21.2,-175.2,Keleti Beach Resort
12,Salalah,OM,87.6,broken clouds,17.0151,54.0924,"HAMDAN PLAZA HOTEL SALALAH, an HTG Hotel"
13,Bitung,ID,79.65,broken clouds,1.4451,125.1824,K2 Lembeh
15,Esmeralda,CU,74.64,clear sky,21.8525,-78.1169,Centro de Pioneros Exploradores
16,Surt,LY,79.3,clear sky,31.2089,16.5887,ÿßŸÑŸáÿßÿØŸä ÿßÿ®Ÿàÿ¥ÿπÿßŸÑŸá ÿ≥ÿ±ÿ™
17,Port Hedland,AU,73.45,scattered clouds,-20.3167,118.5667,The Esplanade Hotel
19,Kavaratti,IN,83.35,light rain,10.5669,72.642,Hotels in Lakshadweep Islands
21,Goderich,CA,71.92,few clouds,43.7501,-81.7165,Harmony Inn
27,Semme,FR,82.81,clear sky,46.1963,1.5007,Inter-Hotel Alexia
28,Souillac,MU,73.78,light rain,-20.5167,57.5167,Shanti Maurice Resort & Spa
31,Saint-Philippe,RE,78.39,light rain,-21.3585,55.7679,"Chambres d'h√¥te ""La Trinit√©"""
32,Kapaa,US,78.78,broken clouds,22.0752,-159.319,Sheraton Kauai Coconut Beach Resort
33,Labytnangi,RU,71.87,scattered clouds,66.6572,66.4183,Priuralye Hotel
35,San Patricio,US,83.84,overcast clouds,28.017,-97.5169,"Motel 6 Sinton, TX"
36,Rikitea,PF,72.95,few clouds,-23.1203,-134.9692,People ThankYou
42,Bud,US,77.05,clear sky,39.447,-86.1758,Ted McQuinn Trust
45,Vila Franca Do Campo,PT,70.2,broken clouds,37.7167,-25.4333,Pestana Bahia Praia
53,Sabang,ID,81.66,overcast clouds,5.8933,95.3214,Hotel Citra
59,Avarua,CK,75.25,light rain,-21.2078,-159.775,Paradise Inn
63,Faanui,PF,80.74,broken clouds,-16.4833,-151.75,Bora-Bora Pearl Beach Resort & Spa
64,Daru,PG,79.23,broken clouds,-9.0763,143.2092,Daru Lodge
65,Hithadhoo,MV,82.81,scattered clouds,-0.6,73.0833,Scoop Guest House
66,Puerto Ayora,EC,70.56,overcast clouds,-0.7393,-90.3518,Finch Bay Galapagos Hotel
67,Takoradi,GH,80.35,light rain,4.8845,-1.7554,Raybow International Hotel
71,Pochutla,MX,74.01,overcast clouds,15.7432,-96.4661,Hotel Posada San Jose
76,Alofi,NU,75.09,broken clouds,-19.0595,-169.9187,Taloa Heights
78,Menongue,AO,81.01,few clouds,-14.6585,17.691,Ritz Lauca
79,Ugoofaaru,MV,83.46,broken clouds,5.6667,73.0,Ungoofaaru Inn
86,Kloulklubed,PW,83.73,broken clouds,7.0419,134.2556,Storyboard Beach Resort
88,Lorengau,PG,81.99,overcast clouds,-2.0226,147.2712,Lorengau Harbourside Hotel
89,Hamilton,US,78.84,mist,39.1834,-84.5333,Six Acres Bed & Breakfast
92,Alexandria,EG,80.56,clear sky,31.2156,29.9553,Royal Crown Hotel
93,Isangel,VU,76.51,broken clouds,-19.55,169.2667,Tanna Lodge
96,Butaritari,KI,82.33,overcast clouds,3.0707,172.7902,Isles Sunset Lodge
99,Ranau,MY,71.37,overcast clouds,5.9538,116.6641,The Second Room
100,Ponta Do Sol,PT,72.23,scattered clouds,32.6667,-17.1,Hotel do Campo
102,Buala,SB,80.29,moderate rain,-8.145,159.5921,Maringe Lagoon Lodge
110,Newala,TZ,83.8,clear sky,-10.9431,39.2787,Mnyeu Newala
112,Bengkulu,ID,79.32,light rain,-3.8004,102.2655,Grage Hotel Bengkulu
114,Victoria,HK,84.38,heavy intensity rain,22.2855,114.1577,Mini Central
115,Karpathos,GR,80.56,few clouds,35.507,27.2132,Alex
118,Gat,IL,87.4,clear sky,31.61,34.7642,OlusHome
119,Hovd,MN,84.85,broken clouds,48.0056,91.6419,Hotel Khovd
121,Coruripe,BR,76.06,overcast clouds,-10.1256,-36.1756,Pousada e Hotel Litoral Sul
128,Mahebourg,MU,77.25,broken clouds,-20.4081,57.7,Shandrani Beachcomber Resort & Spa
131,Ifakara,TZ,87.84,few clouds,-8.1333,36.6833,Tanzanian Training Centre for International Health
134,Morehead,US,74.79,clear sky,37.2711,-87.1764,CCI Express Inn
135,Bamnet Narong,TH,88.75,light rain,15.4992,101.6897,Jong Jaroen Resort
136,Vanimo,PG,79.99,broken clouds,-2.6741,141.3028,Vahmoneh Lodge Vanimo
137,Urumqi,CN,86.95,few clouds,43.801,87.6005,Hua Ling Grand Hotel Urumqi
143,Tecoanapa,MX,76.75,overcast clouds,16.5167,-98.75,Hotel Manglares
147,Xai-Xai,MZ,80.46,broken clouds,-25.0519,33.6442,Complexo da Familia
149,Hilo,US,74.28,few clouds,19.7297,-155.09,Hilo Hawaiian Hotel
153,Erice,IT,84.36,clear sky,38.037,12.5865,I Mulini Resort
154,Atuona,PF,77.95,scattered clouds,-9.8,-139.0333,Villa Enata
155,Zhuhai,CN,83.98,heavy intensity rain,22.2769,113.5678,Áè†Êµ∑Á≤§Ë¥¢ÂÅáÊó•ÈÖíÂ∫ó
156,Marawi,PH,70.84,scattered clouds,7.9986,124.2928,Derogongan Residence
157,Danville,US,72.88,broken clouds,36.586,-79.395,"Holiday Inn Express Danville, an IHG Hotel"
158,San Andres,CO,77.25,overcast clouds,12.5847,-81.7006,Hotel Arena Blanca
163,Upata,VE,71.19,broken clouds,8.0086,-62.3989,Posada Villa Nela
164,Taksimo,RU,70.79,overcast clouds,56.3444,114.8794,"Gostinitsa ""Domashniy Ochag"""
165,Kilindoni,TZ,79.66,clear sky,-7.9139,39.6668,Bustani B&B
168,The Valley,AI,82.09,scattered clouds,18.217,-63.0578,CeBlue Villas & Beach Resort
171,Linxia,CN,75.51,scattered clouds,35.6003,103.2064,GreenTree Inn Linxia Autonomous Prefecture Linxia Oxford River Avenue Express Hotel
175,Georgetown,MY,85.95,few clouds,5.4112,100.3354,Cititel Penang
177,Grand-Lahou,CI,80.31,light rain,5.1367,-5.0242,Hotel Beatitude de Grand Lahou
181,Cap Malheureux,MU,77.47,few clouds,-19.9842,57.6142,Pereybere Hotel & Spa
184,Cabo San Lucas,MX,77.61,clear sky,22.8909,-109.9124,Vista Roof Restaurant
191,Karratha,AU,75.83,few clouds,-20.7377,116.8463,ibis Styles Karratha
193,Teguise,ES,73.62,few clouds,29.0605,-13.564,B&B La Casona de Nazaret
196,Coahuayana,MX,78.85,overcast clouds,18.7333,-103.6833,El rranchito michuacan de ocampos
197,Grandview,US,79.61,clear sky,38.8858,-94.533,Holiday Inn Express & Suites Kansas City-Grandview
199,Maceio,BR,72.84,light rain,-9.6658,-35.7353,Hotel Ponta Verde Macei√≥
200,Irmo,US,75.9,mist,34.086,-81.1832,Hilton Garden Inn Columbia/Harbison
201,Lufilufi,WS,81.95,few clouds,-13.8745,-171.5986,Leuaina Beach Resort and Spa
202,Olinda,BR,76.73,scattered clouds,-8.0089,-34.8553,Flat Quatro Rodas Olinda
204,Nabire,ID,76.66,overcast clouds,-3.3667,135.4833,Hotel Nusantara I
207,Jacareacanga,BR,70.77,scattered clouds,-6.2222,-57.7528,Casa do Ianüòé
210,Pekan,MY,78.87,overcast clouds,3.4836,103.3996,Pekan Budget Hotel
212,Altar,MX,77.45,clear sky,30.7,-111.8167,Hotel Maria Elena
213,Asau,RO,70.72,overcast clouds,46.4333,26.4,Casa Mika Ciobanus
216,Porbandar,IN,89.46,few clouds,21.6422,69.6093,Lords Inn Porbandar
218,Mweka,CD,89.83,overcast clouds,-4.85,21.5667,Guest House Boshab
220,Sovetskiy,RU,72.9,overcast clouds,61.3614,63.5842,Apartment on Kievskaya 29
222,Tura,IN,77.09,overcast clouds,25.5198,90.2201,Hotel RIKMAN Continental
223,Belmonte,BR,71.94,overcast clouds,-15.8631,-38.8828,Pousada Monte Carmelo O P√£o
226,Yazykovo,RU,73.38,scattered clouds,55.2199,56.1353,Children's camp
227,Sibiti,CG,84.04,clear sky,-3.6819,13.3499,Gaby et confort
229,Namibe,AO,75.6,clear sky,-15.1961,12.1522,Hotel Chik Chik Namibe
231,Kizilskoye,RU,75.06,few clouds,52.7255,58.8937,Motel Region
232,Tulum,MX,76.37,clear sky,20.2167,-87.4667,Kin Ha Tulum
233,Sinnamary,GF,79.99,scattered clouds,5.3833,-52.95,ALETHEIA Appartement Sinnamary
237,Bograd,RU,78.12,broken clouds,54.2344,90.8328,Gostinitsa Berezka
241,Road Town,VG,81.18,broken clouds,18.4167,-64.6167,"ZINGARA 76ft Catamaran, full crew-all included"
242,Shakawe,BW,80.35,clear sky,-18.3667,21.85,Ditlhapi Guest House
244,Bac Lieu,VN,84.34,overcast clouds,9.285,105.7244,Kh√°ch s·∫°n S√†i G√≤n B·∫°c Li√™u
245,Kaspiyskiy,RU,80.31,broken clouds,45.3929,47.3707,"Gostinitsa ""Gostevoy Dvor"""
249,Touros,BR,81.1,scattered clouds,-5.1989,-35.4608,INN NEW HORIZON
252,Biograd Na Moru,HR,84.9,clear sky,43.9433,15.4519,Villa Maimare
254,Monrovia,LR,79.83,moderate rain,6.3005,-10.7969,Sunset Inn
256,Point Pleasant,US,70.02,clear sky,40.0832,-74.0682,Point Pleasant Manor
257,Naze,JP,71.37,overcast clouds,28.3667,129.4833,Shishime Hotel
258,Maragogi,BR,76.66,overcast clouds,-9.0122,-35.2225,Salinas do Maragogi All Inclusive Resort
262,Les Cayes,HT,76.93,overcast clouds,18.2,-73.75,Villa Orphee
267,Lasa,IT,76.69,scattered clouds,46.6166,10.7002,Pension Feldg√§rtenhof
268,Kaffrine,SN,86.41,scattered clouds,14.1059,-15.5508,Beuleup counda motel
269,Salinopolis,BR,80.98,scattered clouds,-0.6136,-47.3561,Salinas Park Resort Ma√ßarico AP101
270,Turan,VN,80.58,broken clouds,16.0678,108.2208,Grand Mercure Danang
271,Padang,ID,77.05,overcast clouds,-0.9492,100.3543,Mercure Padang
273,Meulaboh,ID,77.94,overcast clouds,4.1363,96.1285,Kost Pria
274,Bambous Virieux,MU,77.22,scattered clouds,-20.3428,57.7575,Casa Tia Villa
275,Port Blair,IN,86.04,scattered clouds,11.6667,92.75,"Welcomhotel By ITC Hotels, Bay Island, Port Blair"
278,Ambanja,MG,84.04,clear sky,-13.6833,48.45,Hotel Salama and Fast Food
281,Caravelas,BR,73.8,overcast clouds,-17.7125,-39.2481,Pousada dos Navegantes
282,Kaohsiung,TW,84.15,broken clouds,22.6163,120.3133,Âæ°ÂÆøÂïÜÊóÖ-‰∏≠Â±±È§®
291,Hambantota,LK,88.14,scattered clouds,6.1241,81.1185,Bungalow 63
293,Ulaangom,MN,82.9,broken clouds,49.9811,92.0667,Achit Nuur Hotel & Restaurant
294,Shetpe,KZ,88.32,overcast clouds,44.1667,52.1167,Rtsm Shetpe Analog
296,Piranhas,BR,71.92,clear sky,-16.4269,-51.8222,Planalto Hotel
302,Rabaul,PG,80.37,broken clouds,-4.1967,152.1721,Rabaul Hotel
304,Mbeya,TZ,76.89,clear sky,-8.9,33.45,Leda Lodge
305,Kavieng,PG,82.27,few clouds,-2.5744,150.7967,Nusa Island Retreat
306,Betanzos,ES,72.25,broken clouds,43.2804,-8.2147,Hotel Garelos Betanzos
307,Talnakh,RU,76.21,broken clouds,69.4865,88.3972,Talnakh Hotel
308,Tabou,CI,77.14,moderate rain,4.423,-7.3528,hot√™l doufoulougou
310,Banda Aceh,ID,81.0,light rain,5.5577,95.3222,OYO 884 Rumoh PMI Hotel
313,Sangre Grande,TT,76.17,broken clouds,10.5835,-61.1177,Lotus drive
314,Westport,US,70.18,clear sky,41.1415,-73.3579,The Westport Inn
320,Kushima,JP,72.25,overcast clouds,31.4583,131.2333,Hanaoka
322,Krasnoselkup,RU,75.33,overcast clouds,65.7,82.4667,Krasnosel'kupnefteprodukt
327,Katobu,ID,74.61,light rain,-4.9408,122.5276,La Ode Husein
329,Carupano,VE,75.51,few clouds,10.6678,-63.2585,Hotel La dorada
330,Boyolangu,ID,77.43,broken clouds,-8.1181,111.8935,Yos ega cv
332,Hutchinson,US,77.59,clear sky,38.0608,-97.9298,Hampton Inn Hutchinson
333,High Rock,BS,78.82,overcast clouds,26.6208,-78.2833,Hideaway Bahamas Beach Club
339,Quzhou,CN,77.07,broken clouds,28.9594,118.8686,Quzhou Jiujiu Business Hotel
341,Wukari,NG,85.57,broken clouds,7.85,9.7833,Elimtop
344,Mezen,RU,72.39,overcast clouds,65.8522,44.24,Gostevoy Dom Everest
349,Norsup,VU,79.45,scattered clouds,-16.0667,167.3833,Nabelchel Bungalows
351,Muli,MV,83.93,scattered clouds,2.9167,73.5667,Medhufushi Island Resort
353,Labuhan,ID,81.36,broken clouds,-6.8844,112.2051,DoubleFAG
354,Kalmunai,LK,85.19,light rain,7.4167,81.8167,VS Villa
356,Barkot,IN,89.56,few clouds,30.8167,78.2,Camp Nirvana¬Æ
359,Itupiranga,BR,77.32,broken clouds,-5.1347,-49.3267,Hotel Panorama
361,Abay,KZ,71.98,scattered clouds,49.6311,72.8539,Guest House on Abaya 144
362,Tomatlan,MX,78.19,overcast clouds,19.9333,-105.25,El Salvial
366,Cockburn Town,TC,81.03,clear sky,21.4612,-71.1419,Osprey Beach Hotel
368,Peniche,PT,75.29,overcast clouds,39.3558,-9.3811,Hotel Star inn Peniche
369,Hobyo,SO,85.64,scattered clouds,5.3505,48.5268,Iftin hotel hobyo
371,Lazaro Cardenas,MX,78.31,overcast clouds,17.9583,-102.2,HOTEL QUINTA ANTIGUA
373,Moyale,KE,80.35,broken clouds,3.5167,39.0584,La Tahzan Guest House
379,Mantes-La-Ville,FR,82.65,clear sky,48.9737,1.7025,H√¥tel du Val de Seine
380,Marsh Harbour,BS,79.57,broken clouds,26.5412,-77.0636,Abaco Beach Resort
383,Roura,GF,82.96,overcast clouds,4.7263,-52.3274,Amazonie D√©couverte SARL
388,Abha,SA,89.85,few clouds,18.2164,42.5053,Abha Hotel
390,Nedjo,ET,75.69,light rain,9.5046,35.5019,Yerosan Hotel
395,Yabelo,ET,73.49,broken clouds,4.8833,38.0833,Asnakech W/michael
400,Newport,GB,73.69,overcast clouds,51.5877,-2.9984,ibis budget Newport
405,Angoche,MZ,81.61,clear sky,-16.2325,39.9086,Guest House HESADA
408,Ayagoz,KZ,76.1,overcast clouds,47.9714,80.4392,–•–ê–ù
410,Alvorada,BR,76.37,broken clouds,-12.48,-49.1247,Cristal Plaza Hotel
415,Gebre Guracha,ET,79.75,scattered clouds,9.8,38.4,Brehan Cafe
417,Turukhansk,RU,78.04,overcast clouds,65.8167,87.9833,"–û–û–û ""–¢—É—Ä—É—Ö–∞–Ω—Å–∫–∞—è –ø—É—à–Ω–∏–Ω–∞"""
420,Tema,GH,81.97,light rain,5.667,-0.0166,Beulah Royale Hotel Tema
422,Carbondale,US,75.06,clear sky,37.7273,-89.2168,Best Western Saluki Inn
424,Merrill,US,72.37,clear sky,45.1805,-89.6835,Prairie Motel
426,Grand Gaube,MU,78.39,few clouds,-20.0064,57.6608,Veranda Paul et Virginie Hotel & Spa
427,Santarem,BR,73.53,scattered clouds,-2.4431,-54.7083,Hotel Imperador
430,Jishou,CN,80.87,overcast clouds,28.3167,109.7167,7 Days Inn
432,Trincomalee,LK,87.42,overcast clouds,8.5711,81.2335,Welcombe Hotel
433,Portel,BR,73.67,broken clouds,-1.9356,-50.8211,Kitnet do Marcos
435,Pokhara,NP,82.72,broken clouds,28.2333,83.9833,OYO 170 Hotel View Point
439,Vao,NC,72.9,overcast clouds,-22.6667,167.4833,Hotel Kou-Bugny
440,Komsomolskiy,UZ,88.52,light rain,40.4272,71.7189,Ikathouse
442,Biak,ID,76.3,overcast clouds,-0.9131,122.8766,Penginapan Kim
444,Maralal,KE,76.46,clear sky,1.0968,36.698,Ngari Hill Ecolodge
446,Kango,GA,87.69,scattered clouds,0.1943,10.0951,H√¥tel Bar Restaurant Le Bercail
448,Axim,GH,79.66,light rain,4.8699,-2.2405,Axim Beach Resort And Spa
451,Xuddur,SO,89.76,clear sky,4.1213,43.8894,Banjanay Hotel
453,Condoto,CO,71.28,overcast clouds,5.0935,-76.6497,Hotel Fabracha
459,Bubaque,GW,79.93,overcast clouds,11.2833,-15.8333,"Casa Dora, Bubaque"
460,Kafanchan,NG,83.34,light rain,9.5833,8.3,Sir Joe guest Inn
464,Ixtapa,MX,80.22,overcast clouds,20.7,-105.2,hotel la terminal
467,Apodaca,MX,76.33,overcast clouds,25.7667,-100.2,Best Western Plus Monterrey Airport
469,Tabuk,PH,78.76,overcast clouds,17.4189,121.4443,Golden Berries Hotel and Convention
471,Benjamin Hill,MX,75.49,clear sky,30.1667,-111.1,Hotel Benjam√≠n Hill
472,Boa Vista,BR,75.18,broken clouds,2.8197,-60.6733,Aipana Plaza Hotel
475,Bulancak,TR,76.82,scattered clouds,40.9372,38.2291,Ba≈üoƒülu Bulancak Otel
477,Sao Joao Do Piaui,BR,77.86,scattered clouds,-8.3581,-42.2467,Nayra Palace Hotel
478,Ocos,GT,73.58,overcast clouds,14.5094,-92.1933,Auto Hotel El So√±ador
479,Kuryk,KZ,88.12,broken clouds,43.2,51.65,Gostinitsa Kuryk - Otel' Dlya Vsekh Kategoriy Kliyentov .
484,Sibolga,ID,79.77,overcast clouds,1.7427,98.7792,Hotel Syariah CN Darussalam
485,Tamugan,PH,78.24,broken clouds,7.2308,125.3764,Heavenly Farms
486,Port-Gentil,GA,76.75,clear sky,-0.7193,8.7815,Fengshui Residence
490,Luang Prabang,LA,74.53,overcast clouds,19.8856,102.1347,The Apsara
491,Macapa,BR,78.78,scattered clouds,0.0389,-51.0664,Atalanta Hotel
492,Tarakan,ID,82.24,broken clouds,3.3,117.6333,RedDoorz Syariah near Taman Berlabuh Tarakan
493,Truth Or Consequences,US,73.63,clear sky,33.1284,-107.2528,Charles Hot Springs
496,Belyy Yar,RU,79.86,clear sky,53.6039,91.3903,Pasportnyy Stol
497,Wanning,CN,81.64,heavy intensity rain,18.8003,110.3967,Paradise Hotel
499,Krasnoarmeysk,RU,78.87,broken clouds,51.0239,45.6969,"Hotel ""Your home-Balzer"""
500,Makakilo City,US,75.56,clear sky,21.3469,-158.0858,Marriott's Ko Olina Beach Club
501,Butajira,ET,79.84,scattered clouds,8.1167,38.3667,·ä•·äì·âµ ·àò·äì·çà·àª ( Enat Menafesha)
503,Itarema,BR,77.32,scattered clouds,-2.9248,-39.9167,"Sea Lounge! Bar, Club & Restaurant"
505,Corn Island,NI,77.65,overcast clouds,12.1694,-83.0418,Big Fish Guest House
507,Wenling,CN,73.15,overcast clouds,28.3669,121.36,Hanting Express Wenling Wanchang North Road
513,Keti Bandar,PK,88.05,clear sky,24.1447,67.4497,Haji laloo memon house
516,Sorong,ID,81.46,moderate rain,-0.8833,131.25,Waigo Splash Hotel
517,Kingsville,US,81.28,clear sky,27.5159,-97.8561,Econo Lodge Kingsville
518,Nuqui,CO,74.89,overcast clouds,5.7125,-77.2708,Hotel Nuquimar
519,Kahului,US,76.84,clear sky,20.8947,-156.47,Maui Seaside Hotel
521,Piacabucu,BR,76.46,overcast clouds,-10.4056,-36.4344,Pia√ßabu√ßu News
526,Ahuimanu,US,76.75,few clouds,21.4447,-157.8378,Paradise Bay Resort
528,Lahaina,US,76.8,clear sky,20.8783,-156.6825,Lahaina Shores Beach Resort
529,Harper,LR,77.5,moderate rain,4.375,-7.7169,Screensaver
532,Dawei,MM,83.91,broken clouds,14.0833,98.2,Hotel Dawei
535,Teknaf,BD,84.07,light rain,20.8624,92.3058,Forestry Guesthouse
537,Balabac,PH,83.26,broken clouds,7.9868,117.0645,Batalla‚Äôs Lodging House
539,Jingdezhen,CN,77.49,overcast clouds,29.2947,117.2079,Garden Hotel
540,Gitarama,RW,76.46,broken clouds,-2.0744,29.7567,Muhanga in Cyakabiri Motel
541,Sao Felix Do Xingu,BR,70.61,few clouds,-6.6447,-51.995,Rio Xingu Camping
542,Sortino,IT,85.37,clear sky,37.1566,15.026,casa nonna Gisaria
544,Pijijiapan,MX,73.49,overcast clouds,15.7011,-93.23,Hotel Rosita
547,Rangoon,MM,78.76,overcast clouds,16.8053,96.1561,Clover Hotel
550,Hoima,UG,84.13,clear sky,1.4356,31.3436,Tik Hotel
555,Chiredzi,ZW,85.48,clear sky,-21.05,31.6667,Clevers Hotel Chiredzi
559,Kanniyakumari,IN,84.83,broken clouds,8.0833,77.5667,Sparsa Kanyakumari
563,Bom Jardim,BR,73.9,broken clouds,-7.7958,-35.5872,Wilton Joaquim 8 Wilton
567,Saint-Denis,FR,83.05,clear sky,48.9167,2.3333,ibis budget Paris Porte de Montmartre
568,Pathein,MM,83.86,light rain,16.7833,94.7333,Pathein Hotel
569,Manaure,CO,79.47,overcast clouds,11.7751,-72.4445,Hotel Palaaima
572,Vaitape,PF,80.73,broken clouds,-16.5167,-151.75,Conrad Bora Bora Nui
573,Fengkou,CN,83.19,broken clouds,30.0833,113.2667,ÂêõÊÇ¶Â§ßÈÖíÂ∫ó
574,Goodyear,US,84.61,clear sky,33.4353,-112.3582,Best Western Phoenix Goodyear Inn
575,Yenagoa,NG,83.8,moderate rain,4.9247,6.2642,Aridolf Resort Wellness and Spa
577,Jumla,NP,76.05,broken clouds,29.2747,82.1838,Royal Garden Hotel
578,Acajutla,SV,76.8,overcast clouds,13.5928,-89.8275,Laureles
579,Sambava,MG,77.94,light rain,-14.2667,50.1667,Melrose
581,Sola,VU,81.05,overcast clouds,-13.8833,167.55,Leumerus Bungalows
582,Tallahassee,US,73.24,scattered clouds,30.4383,-84.2807,Four Points by Sheraton Tallahassee Downtown
587,Trairi,BR,76.87,scattered clouds,-3.2778,-39.2689,janelas do mar
588,Majene,ID,79.48,overcast clouds,-3.5403,118.9707,Kost Putri RABBANI
589,Liwale,TZ,87.93,clear sky,-9.7667,37.9333,Nakivubo Executive Lodge
593,Cayenne,GF,83.08,broken clouds,4.9333,-52.3333,H√¥tel Le Dronmi
600,Mogadishu,SO,81.91,clear sky,2.0371,45.3438,Hotel Juba
606,Palu,ID,76.46,heavy intensity rain,-0.8917,119.8707,Hotel Santika Palu
609,Natal,BR,77.65,few clouds,-5.795,-35.2094,Villa Park Hotel | Natal
610,Tongliao,CN,72.82,broken clouds,43.6125,122.2653,Meirujia Hotel
612,Tomigusuku,JP,79.34,thunderstorm,26.185,127.675,Hotel Gran View Okinawa
613,Agde,FR,85.89,clear sky,43.3108,3.4758,CAPAO Beach H√¥tel
616,Bushenyi,UG,78.15,scattered clouds,-0.5853,30.2114,College View Guest House
619,Catalina,US,75.6,clear sky,32.5056,-110.9211,Miraval Arizona Resort & Spa
621,Claveria,PH,81.61,overcast clouds,18.6074,121.0832,Casa Grand Inn By The Sea
624,Ewa Beach,US,76.98,clear sky,21.3156,-158.0072,Base Lodging
629,Ranong,TH,82.47,overcast clouds,9.9658,98.6348,Tinidee Hotel@Ranong
630,Ouargaye,BF,89.24,overcast clouds,11.5033,0.0572,R√©sidence le Cotonnier
631,Kauswagan,PH,80.94,broken clouds,8.1917,124.0847,Seaside Spectrum Hotel and Restaurant
635,Itaituba,BR,71.87,overcast clouds,-4.2761,-55.9836,Hotel Campos
636,Alanya,TR,80.73,clear sky,36.5438,31.9998,Panorama Hotel
637,Luau,AO,88.86,few clouds,-10.7073,22.2247,Casa- Bernardo C√¢ndido
638,Mittersill,AT,81.55,broken clouds,47.2667,12.4833,Sporthotel Kogler
640,Cairns,AU,73.35,broken clouds,-16.9167,145.7667,Mantra Trilogy Cairns
642,Ierapetra,GR,81.45,clear sky,35.01,25.7353,Cretan Villa Hotel & Apartments in Ierapetra Crete.
645,Kurumkan,RU,78.1,overcast clouds,54.3,110.3,Ilikchin
647,Leo,BF,89.65,overcast clouds,11.1,-2.1,Hotel Sissilis
651,Mahon,ES,86.56,clear sky,39.8885,4.2658,ARTIEM Capri
652,Mount Vernon,US,74.66,broken clouds,40.9126,-73.8371,Ramada by Wyndham Bronx
658,Cadillac,US,73.31,mist,44.2519,-85.4012,"Holiday Inn Express & Suites Cadillac, an IHG Hotel"
660,Sarangani,PH,84.43,scattered clouds,5.4033,125.4636,JVL Inn and Cafeteria
662,Kawalu,ID,74.82,broken clouds,-7.3817,108.2082,West Jontor
663,Pontianak,ID,80.58,scattered clouds,-0.0333,109.3333,Aston Pontianak Hotel & Convention Center
667,Humberto De Campos,BR,77.59,few clouds,-2.5983,-43.4611,Pousada do Cabe√ßa
671,Tukrah,LY,80.53,clear sky,32.5341,20.5791,Lagrota restaurant
674,Pahrump,US,73.45,clear sky,36.2083,-115.9839,Best Western Pahrump Oasis
675,Tarko-Sale,RU,71.8,overcast clouds,64.9225,77.785,Yubileynaya
680,Urengoy,RU,72.41,broken clouds,65.9667,78.3667,Gostinnitsa Medveditsa
